"sigla_partido","previsto","observado","erro"
"PSD",14.2267528433086,25.568195943283,11.3414430999744
"PL",6.38845524251526,13.8775480439515,7.48909280143624
"PT",4.87776958206821,6.88066749909592,2.00289791702771
"PSOL",7.03666601169032,6.87400497137268,-0.162661040317645
"PP",6.31642742555728,5.75519751742947,-0.561229908127814
"REPUBLICANOS",5.76492698165887,5.74671190998096,-0.018215071677913
"MDB",7.16344860237083,5.63179159348106,-1.53165700888977
"SOLIDARIEDADE",4.03782025611194,3.30802788184985,-0.72979237426209
"PODE",3.08909255870464,3.2618210975404,0.172728538835755
"UNIÃO",5.6863279515102,3.07712654791899,-2.6092014035912
"PRD",4.15688998156935,2.74462995293471,-1.41226002863464
"PDT",5.05127820681968,2.52821381609368,-2.523064390726
"NOVO",4.11392002491873,2.40570285855586,-1.70821716636287
"PSB",2.44091874400506,2.08202334006105,-0.35889540394401
"AGIR",3.47727992098366,1.80975466981872,-1.66752525116494
"DC",3.67181614749927,1.73464378513779,-1.93717236236148
"PSDB",1.44177374747456,1.24168302742608,-0.200090720048476
"MOBILIZA",2.74010907279699,1.19643750333541,-1.54367156946158
"AVANTE",2.72566611340011,1.10508463564757,-1.62058147775254
"PMB",2.37797734300702,0.804740537636155,-1.57323680537086
"PV",0.924124257205025,0.776433081538401,-0.147691175666624
"REDE",4.91659345252233e-07,0.441616203267423,0.441615711608078
"PC do B",0.0375324754230231,0.383211358250745,0.345678882827722
"CIDADANIA",1.3440031352895,0.374228547240802,-0.969774588048702
"UP",0.182408999050398,0.241607783953783,0.0591987849033845
"PSTU",4.91659345252233e-07,0.0708680809566727,0.0708675892973274
"PCB",0.420356184601774,0.0666252772324191,-0.353730907369355
"PCO",0.306257207141033,0.0114025350089314,-0.294854672132101
